City_ID,City,Country,Date,Lat,Lng,Max Temp,Humidity,Cloudiness,Wind Speed,Current Description
0,Hobart,AU,2022-08-11 02:54:07,-42.8794,147.3294,57.25,71,0,5.75,clear sky
1,Tasiilaq,GL,2022-08-11 02:53:16,65.6145,-37.6368,33.94,77,89,3.13,overcast clouds
2,Torbay,CA,2022-08-11 02:57:21,47.6666,-52.7314,58.26,89,100,5.99,overcast clouds
3,Hasaki,JP,2022-08-11 02:56:52,35.7333,140.8333,93.29,79,30,21.88,moderate rain
4,Souillac,MU,2022-08-11 02:57:22,-20.5167,57.5167,66.58,72,40,13.8,light rain
5,Arraial Do Cabo,BR,2022-08-11 02:57:22,-22.9661,-42.0278,68.09,67,75,19.75,broken clouds
6,Cabo San Lucas,MX,2022-08-11 02:53:13,22.8909,-109.9124,85.6,79,98,9.62,overcast clouds
7,Cherskiy,RU,2022-08-11 02:57:22,68.75,161.3,69.8,51,10,2.57,clear sky
8,Thinadhoo,MV,2022-08-11 02:57:22,0.5333,72.9333,82.02,74,4,8.63,clear sky
9,Kodiak,US,2022-08-11 02:57:23,57.79,-152.4072,56.71,88,100,4.61,overcast clouds
10,Nkoteng,CM,2022-08-11 02:57:23,4.5167,12.0333,68.27,99,100,4.81,light rain
11,Iracoubo,GF,2022-08-11 02:57:23,5.4802,-53.2011,77.61,88,44,8.68,scattered clouds
12,Busselton,AU,2022-08-11 02:57:24,-33.65,115.3333,58.32,66,58,4.52,broken clouds
13,Saldanha,ZA,2022-08-11 02:57:24,-33.0117,17.9442,55.45,91,100,1.88,overcast clouds
14,Dikson,RU,2022-08-11 02:57:24,73.5069,80.5464,41.99,89,100,11.74,overcast clouds
15,Mahebourg,MU,2022-08-11 02:57:24,-20.4081,57.7,67.24,72,40,13.8,scattered clouds
16,Vaini,TO,2022-08-11 02:57:25,-21.2,-175.2,78.96,94,75,14.97,broken clouds
17,Sao Filipe,CV,2022-08-11 02:57:25,14.8961,-24.4956,77.58,87,62,8.63,broken clouds
18,Bethel,US,2022-08-11 02:54:56,41.3712,-73.414,75.07,76,2,3.65,clear sky
19,Kipini,KE,2022-08-11 02:57:26,-2.5257,40.5262,73.98,85,48,16.62,light rain
20,Berlevag,NO,2022-08-11 02:57:26,70.8578,29.0864,57.2,88,100,2.3,light rain
21,Chokurdakh,RU,2022-08-11 02:57:26,70.6333,147.9167,72.1,42,100,9.46,overcast clouds
22,Barrow,US,2022-08-11 02:57:26,71.2906,-156.7887,46.42,93,100,17.27,light rain
23,San Quintin,MX,2022-08-11 02:55:57,30.4833,-115.95,73.08,78,94,9.28,overcast clouds
24,Leshukonskoye,RU,2022-08-11 02:57:27,64.8989,45.7622,57.13,68,63,5.88,broken clouds
25,New Norfolk,AU,2022-08-11 02:57:27,-42.7826,147.0587,56.91,57,99,4.52,overcast clouds
26,Cape Town,ZA,2022-08-11 02:55:34,-33.9258,18.4232,56.12,94,40,6.91,scattered clouds
27,Yerbogachen,RU,2022-08-11 02:57:28,61.2767,108.0108,68.07,60,12,6.78,few clouds
28,Port Alfred,ZA,2022-08-11 02:57:28,-33.5906,26.891,58.55,84,72,4.27,broken clouds
29,Thompson,CA,2022-08-11 02:57:28,55.7435,-97.8558,57.2,62,1,2.26,clear sky
30,Riberalta,BO,2022-08-11 02:57:29,-10.9833,-66.1,66.2,63,2,3.31,clear sky
31,Beringovskiy,RU,2022-08-11 02:55:56,63.05,179.3167,61.99,70,16,4.54,few clouds
32,Castro,BR,2022-08-11 02:55:20,-24.7911,-50.0119,46.62,93,99,4.76,overcast clouds
33,Zanesville,US,2022-08-11 02:55:53,39.9404,-82.0132,70.72,96,75,2.44,broken clouds
34,Kabare,CD,2022-08-11 02:57:29,-2.4683,28.8242,64.09,65,98,0.51,overcast clouds
35,Atuona,PF,2022-08-11 02:57:19,-9.8,-139.0333,77.07,76,0,22.91,clear sky
36,Upernavik,GL,2022-08-11 02:57:30,72.7868,-56.1549,40.91,87,100,5.37,overcast clouds
37,Axim,GH,2022-08-11 02:57:30,4.8699,-2.2405,73.17,93,23,8.34,few clouds
38,Gambettola,IT,2022-08-11 02:57:30,44.1175,12.3371,71.67,87,65,1.61,broken clouds
39,Murygino,RU,2022-08-11 02:57:31,58.7383,49.4582,54.43,85,13,6.71,few clouds
40,Mayo,US,2022-08-11 02:53:17,38.8876,-76.5119,74.95,96,0,4.61,clear sky
41,Husavik,IS,2022-08-11 02:57:31,66.0449,-17.3389,46.24,82,100,4.74,overcast clouds
42,Mahajanga,MG,2022-08-11 02:57:31,-15.7167,46.3167,66.22,59,20,9.22,few clouds
43,Thyolo,MW,2022-08-11 02:57:32,-16.0678,35.1405,54.7,80,0,1.95,clear sky
44,Hermanus,ZA,2022-08-11 02:54:13,-34.4187,19.2345,49.8,89,96,7.52,overcast clouds
45,Puerto Ayora,EC,2022-08-11 02:57:32,-0.7393,-90.3518,70.56,91,95,7.0,overcast clouds
46,Harper,LR,2022-08-11 02:57:33,4.375,-7.7169,73.87,80,80,6.2,broken clouds
47,East London,ZA,2022-08-11 02:57:33,-33.0153,27.9116,60.26,82,89,3.44,overcast clouds
48,Albany,US,2022-08-11 02:56:02,42.6001,-73.9662,67.37,86,12,3.53,few clouds
49,Eureka,US,2022-08-11 02:57:33,40.8021,-124.1637,65.59,92,34,2.06,scattered clouds
50,Kenai,US,2022-08-11 02:57:34,60.5544,-151.2583,68.02,61,91,8.43,overcast clouds
51,Diamantino,BR,2022-08-11 02:57:34,-14.4086,-56.4461,59.56,55,100,3.8,overcast clouds
52,Leningradskiy,RU,2022-08-11 02:57:34,69.3833,178.4167,46.98,80,65,6.64,broken clouds
53,Georgetown,MY,2022-08-11 02:52:41,5.4112,100.3354,85.95,81,20,5.75,haze
54,Meulaboh,ID,2022-08-11 02:57:35,4.1363,96.1285,81.72,71,100,1.28,overcast clouds
55,Bambous Virieux,MU,2022-08-11 02:57:35,-20.3428,57.7575,67.21,72,40,13.8,light rain
56,Nuuk,GL,2022-08-11 02:57:35,64.1835,-51.7216,41.88,93,13,8.01,few clouds
57,Playa Vicente,MX,2022-08-11 02:57:36,17.8333,-95.8167,74.14,94,94,5.12,overcast clouds
58,Huarmey,PE,2022-08-11 02:57:36,-10.0681,-78.1522,62.04,86,31,6.42,scattered clouds
59,Zhaotong,CN,2022-08-11 02:57:36,27.3167,103.7167,74.03,62,99,3.24,overcast clouds
60,Sobolevo,RU,2022-08-11 02:57:36,54.4299,31.8996,56.17,82,89,8.34,overcast clouds
61,Ushuaia,AR,2022-08-11 02:57:32,-54.8,-68.3,35.26,93,100,2.3,overcast clouds
62,Genhe,CN,2022-08-11 02:57:37,50.7833,121.5167,59.74,69,93,6.06,overcast clouds
63,Baruun-Urt,MN,2022-08-11 02:57:37,46.6806,113.2792,70.45,54,27,5.01,scattered clouds
64,Carnarvon,AU,2022-08-11 02:57:38,-24.8667,113.6333,65.23,34,0,17.29,clear sky
65,Cayenne,GF,2022-08-11 02:57:38,4.9333,-52.3333,80.1,1,36,7.99,scattered clouds
66,Ponta Delgada,PT,2022-08-11 02:57:38,37.7333,-25.6667,72.5,73,40,5.75,scattered clouds
67,Saint-Philippe,RE,2022-08-11 02:57:38,-21.3585,55.7679,63.99,82,73,13.71,light rain
68,Bilma,NE,2022-08-11 02:57:39,18.6853,12.9164,93.96,13,68,21.52,broken clouds
69,Port Lincoln,AU,2022-08-11 02:57:39,-34.7333,135.8667,54.66,79,83,26.75,light rain
70,Nyurba,RU,2022-08-11 02:57:39,63.2842,118.3319,63.34,68,100,6.58,overcast clouds
71,Khorixas,NA,2022-08-11 02:57:40,-20.3667,14.9667,61.02,33,0,2.39,clear sky
72,Mataura,NZ,2022-08-11 02:57:40,-46.1927,168.8643,44.47,59,31,5.86,scattered clouds
73,Ust-Kalmanka,RU,2022-08-11 02:57:41,52.1207,83.305,74.03,53,99,3.06,overcast clouds
74,Rikitea,PF,2022-08-11 02:55:53,-23.1203,-134.9692,73.33,75,100,22.1,overcast clouds
75,Carutapera,BR,2022-08-11 02:53:18,-1.195,-46.02,75.94,89,20,5.97,few clouds
76,Kutum,SD,2022-08-11 02:57:41,14.2,24.6667,70.63,80,97,5.1,overcast clouds
77,Kirakira,SB,2022-08-11 02:55:38,-10.4544,161.9205,81.75,83,42,7.92,scattered clouds
78,Ribeira Grande,PT,2022-08-11 02:57:41,38.5167,-28.7,72.32,73,37,6.89,scattered clouds
79,Narsaq,GL,2022-08-11 02:57:42,60.9167,-46.05,44.35,88,100,8.19,overcast clouds
80,Yellowknife,CA,2022-08-11 02:57:42,62.456,-114.3525,56.43,59,100,21.59,overcast clouds
81,Ancud,CL,2022-08-11 02:57:43,-41.8697,-73.8203,51.22,95,100,14.79,light rain
82,Golden,US,2022-08-11 02:57:43,39.7555,-105.2211,83.14,37,2,5.99,clear sky
83,Saskylakh,RU,2022-08-11 02:57:20,71.9167,114.0833,49.6,70,100,14.81,overcast clouds
84,Pangnirtung,CA,2022-08-11 02:57:43,66.1451,-65.7125,43.14,89,61,0.36,broken clouds
85,Qaanaaq,GL,2022-08-11 02:57:44,77.484,-69.3632,33.01,68,46,5.77,scattered clouds
86,College,US,2022-08-11 02:55:46,64.8569,-147.8028,68.0,44,0,3.44,clear sky
87,Gladstone,AU,2022-08-11 02:57:44,-23.85,151.25,74.79,46,40,12.66,scattered clouds
88,Lakhnadon,IN,2022-08-11 02:57:44,22.6,79.6,71.78,97,100,11.7,overcast clouds
89,Punta Arenas,CL,2022-08-11 02:57:45,-53.15,-70.9167,33.91,93,0,4.61,clear sky
90,Tura,IN,2022-08-11 02:57:45,25.5198,90.2201,82.15,70,0,7.87,clear sky
91,Pevek,RU,2022-08-11 02:57:45,69.7008,170.3133,43.27,91,23,1.68,few clouds
92,Victor Harbor,AU,2022-08-11 02:57:46,-35.5667,138.6167,60.01,60,17,4.0,few clouds
93,Antalaha,MG,2022-08-11 02:57:46,-14.9003,50.2788,64.78,87,57,10.13,broken clouds
94,Hualmay,PE,2022-08-11 02:57:46,-11.0964,-77.6139,61.48,84,67,9.35,broken clouds
95,Podor,MR,2022-08-11 02:57:47,16.6527,-14.9587,80.85,69,96,16.04,overcast clouds
96,Bluff,NZ,2022-08-11 02:57:47,-46.6,168.3333,44.8,56,8,8.55,clear sky
97,Pingzhuang,CN,2022-08-11 02:57:47,42.0372,119.2889,78.51,48,55,5.14,broken clouds
98,Avarua,CK,2022-08-11 02:57:48,-21.2078,-159.775,75.25,73,9,17.27,clear sky
99,Poya,NC,2022-08-11 02:57:48,-21.35,165.15,71.26,51,3,13.42,clear sky
100,Okhotsk,RU,2022-08-11 02:57:48,59.3833,143.3,58.96,88,100,9.57,overcast clouds
101,Mar Del Plata,AR,2022-08-11 02:55:30,-38.0023,-57.5575,47.08,87,0,13.0,clear sky
102,Dhidhdhoo,MV,2022-08-11 02:57:49,6.8833,73.1,81.79,84,49,13.62,scattered clouds
103,Ulaangom,MN,2022-08-11 02:57:49,49.9811,92.0667,68.22,53,99,9.19,overcast clouds
104,Bahir Dar,ET,2022-08-11 02:57:49,11.5936,37.3908,59.41,95,100,3.31,moderate rain
105,Butaritari,KI,2022-08-11 02:56:01,3.0707,172.7902,81.88,74,13,14.09,few clouds
106,Andros Town,BS,2022-08-11 02:57:50,24.7,-77.7667,82.36,75,0,14.54,clear sky
107,Chuy,UY,2022-08-11 02:57:50,-33.6971,-53.4616,48.33,86,100,3.2,overcast clouds
108,Kaitangata,NZ,2022-08-11 02:55:41,-46.2817,169.8464,44.74,59,24,6.73,few clouds
109,Iqaluit,CA,2022-08-11 02:57:50,63.7506,-68.5145,41.13,85,9,3.49,clear sky
110,Nizhniy Tsasuchey,RU,2022-08-11 02:57:51,50.5167,115.1333,72.55,42,70,10.02,broken clouds
111,Duku,NG,2022-08-11 02:57:51,11.2361,4.9073,73.35,94,88,3.89,overcast clouds
112,Cuenca,EC,2022-08-11 02:57:52,-2.8833,-78.9833,51.93,100,75,2.3,light rain
113,Norman Wells,CA,2022-08-11 02:54:29,65.282,-126.8329,57.67,47,56,9.06,broken clouds
114,Shelby,US,2022-08-11 02:57:52,35.2001,-89.8668,77.45,91,0,0.0,clear sky
115,Birjand,IR,2022-08-11 02:57:52,32.8663,59.2211,68.47,26,0,6.91,clear sky
116,Sapa,PH,2022-08-11 02:57:53,5.1544,120.3241,84.92,66,89,4.18,overcast clouds
117,Mezen,RU,2022-08-11 02:57:53,65.8522,44.24,56.66,68,96,9.64,overcast clouds
118,Hilo,US,2022-08-11 02:57:53,19.7297,-155.09,87.28,81,39,5.01,scattered clouds
119,Japura,ID,2022-08-11 02:57:54,-0.3167,102.35,87.24,61,65,4.63,broken clouds
120,Adrar,MR,2022-08-11 02:57:54,20.5022,-10.0711,90.52,32,70,9.15,broken clouds
121,Hernani,ES,2022-08-11 02:57:54,43.2662,-1.9762,80.2,61,0,4.61,light rain
122,Manakara,MG,2022-08-11 02:57:54,-22.1333,48.0167,65.89,75,56,4.76,broken clouds
123,Hithadhoo,MV,2022-08-11 02:55:51,-0.6,73.0833,82.2,72,3,10.11,clear sky
124,Leh,IN,2022-08-11 02:57:55,34.1667,77.5833,66.9,53,79,5.68,broken clouds
125,Yabelo,ET,2022-08-11 02:57:55,4.8833,38.0833,57.72,85,100,10.36,overcast clouds
126,Atherton,GB,2022-08-11 02:56:11,53.5237,-2.4935,64.29,84,12,1.68,few clouds
127,Kapaa,US,2022-08-11 02:57:56,22.0752,-159.319,82.11,73,75,16.11,broken clouds
128,San Cristobal,VE,2022-08-11 02:57:56,7.7669,-72.225,75.38,95,100,3.0,overcast clouds
129,Luderitz,NA,2022-08-11 02:57:56,-26.6481,15.1594,54.68,66,3,10.74,clear sky
130,Bredasdorp,ZA,2022-08-11 02:57:56,-34.5322,20.0403,53.19,93,100,3.91,overcast clouds
131,Faya,SA,2022-08-11 02:57:57,18.3851,42.4509,64.92,87,87,7.63,overcast clouds
132,Amot,NO,2022-08-11 02:57:57,59.5714,7.9877,55.76,95,14,4.72,few clouds
133,Belmonte,BR,2022-08-11 02:57:57,-15.8631,-38.8828,73.18,80,8,14.83,clear sky
134,Ostrovnoy,RU,2022-08-11 02:57:58,68.0531,39.5131,58.62,79,100,25.5,overcast clouds
135,Tamandare,BR,2022-08-11 02:57:58,-8.7597,-35.1047,72.66,86,11,3.58,few clouds
136,Khatanga,RU,2022-08-11 02:57:58,71.9667,102.5,46.13,67,100,13.15,overcast clouds
137,Sisimiut,GL,2022-08-11 02:57:59,66.9395,-53.6735,41.85,95,100,3.65,overcast clouds
138,Mecca,SA,2022-08-11 02:56:06,21.4267,39.8261,87.33,67,93,6.11,overcast clouds
139,Quelimane,MZ,2022-08-11 02:57:59,-17.8786,36.8883,64.35,94,20,3.44,few clouds
140,Jamestown,US,2022-08-11 02:57:59,42.097,-79.2353,62.71,50,50,1.01,scattered clouds
141,Lensk,RU,2022-08-11 02:58:00,60.7253,114.9278,69.48,53,6,5.41,clear sky
142,Valdivia,CL,2022-08-11 02:58:00,-39.8142,-73.2459,44.69,94,99,1.41,overcast clouds
143,Mosalsk,RU,2022-08-11 02:58:00,54.4881,34.9817,53.6,84,45,7.94,scattered clouds
144,Richards Bay,ZA,2022-08-11 02:58:01,-28.783,32.0377,62.08,88,30,2.93,scattered clouds
145,Provideniya,RU,2022-08-11 02:56:57,64.3833,-173.3,53.71,87,0,8.95,clear sky
146,Isla Mujeres,MX,2022-08-11 02:58:01,21.2311,-86.731,81.7,89,62,10.09,broken clouds
147,Gorin,RU,2022-08-11 02:58:02,51.1983,136.6669,63.12,84,92,3.18,overcast clouds
148,Cooma,AU,2022-08-11 02:58:02,-36.2333,149.1333,47.08,75,100,11.16,moderate rain
149,Luganville,VU,2022-08-11 02:58:03,-15.5333,167.1667,76.01,75,96,14.14,overcast clouds
150,Olafsvik,IS,2022-08-11 02:57:17,64.8945,-23.7142,49.19,79,100,8.84,overcast clouds
151,Bac Lieu,VN,2022-08-11 02:56:04,9.285,105.7244,80.83,80,100,10.07,overcast clouds
152,Alice Town,BS,2022-08-11 02:58:03,25.7167,-79.3,83.48,74,1,14.29,clear sky
153,Amanganj,IN,2022-08-11 02:58:04,24.4333,80.0333,77.22,92,100,9.22,overcast clouds
154,Miyako,JP,2022-08-11 02:58:04,39.6367,141.9525,82.17,76,100,3.09,overcast clouds
155,Mount Gambier,AU,2022-08-11 02:58:05,-37.8333,140.7667,57.11,72,100,17.27,light rain
156,Visby,SE,2022-08-11 02:58:06,57.6409,18.296,63.05,94,97,5.75,overcast clouds
157,Saint George,US,2022-08-11 02:58:06,37.1041,-113.5841,89.44,50,43,5.01,scattered clouds
158,Nelson Bay,AU,2022-08-11 02:58:06,-32.7167,152.15,60.12,80,99,5.99,overcast clouds
159,Male,MV,2022-08-11 02:58:07,4.1748,73.5089,82.35,89,75,8.05,light rain
160,Vao,NC,2022-08-11 02:58:08,-22.6667,167.4833,68.0,57,0,21.97,clear sky
161,Port Elizabeth,ZA,2022-08-11 02:58:08,-33.918,25.5701,53.31,95,93,3.0,overcast clouds
162,Kysyl-Syr,RU,2022-08-11 02:58:08,63.8986,122.7617,73.15,55,57,5.93,broken clouds
163,Presidencia Roque Saenz Pena,AR,2022-08-11 02:58:09,-26.7852,-60.4388,51.69,72,100,7.87,overcast clouds
164,Abnub,EG,2022-08-11 02:57:23,27.2696,31.1511,82.0,34,0,8.12,clear sky
165,Sao Joao Da Barra,BR,2022-08-11 02:58:09,-21.6403,-41.0511,70.45,67,82,10.69,broken clouds
166,Victoria,HK,2022-08-11 02:54:07,22.2855,114.1577,87.33,85,92,3.0,overcast clouds
167,Buin,CL,2022-08-11 02:58:09,-33.7333,-70.75,55.74,69,38,2.01,scattered clouds
168,Zhigansk,RU,2022-08-11 02:58:10,66.7697,123.3711,64.63,67,71,17.36,broken clouds
169,Poum,NC,2022-08-11 02:58:10,-20.2333,164.0167,71.76,56,1,21.32,clear sky
170,Hagondange,FR,2022-08-11 02:58:11,49.2513,6.1681,66.78,53,4,1.01,clear sky
171,Khani,GE,2022-08-11 02:58:11,41.9563,42.9566,60.37,68,2,5.79,clear sky
172,Vredendal,ZA,2022-08-11 02:58:11,-31.6683,18.5012,52.14,91,100,0.94,overcast clouds
173,Hamilton,US,2022-08-11 02:55:06,39.1834,-84.5333,74.03,89,20,3.83,few clouds
174,Touros,BR,2022-08-11 02:58:12,-5.1989,-35.4608,72.61,90,33,9.08,scattered clouds
175,Kati,ML,2022-08-11 02:58:12,12.7441,-8.0726,76.41,89,21,3.62,few clouds
176,Shimoda,JP,2022-08-11 02:58:12,34.6667,138.95,84.11,76,66,11.99,broken clouds
177,Saint Peter,BB,2022-08-11 02:58:13,13.25,-59.6167,79.36,82,20,11.7,few clouds
178,Werda,BW,2022-08-11 02:58:13,-25.2667,23.2833,56.64,26,0,8.28,clear sky
179,Kulhudhuffushi,MV,2022-08-11 02:58:14,6.6221,73.07,81.97,83,85,13.51,overcast clouds
180,Severo-Kurilsk,RU,2022-08-11 02:53:58,50.6789,156.125,61.05,79,9,7.92,clear sky
181,Plettenberg Bay,ZA,2022-08-11 02:58:14,-34.0527,23.3716,55.4,88,100,2.86,overcast clouds
182,Honiara,SB,2022-08-11 02:58:14,-9.4333,159.95,83.61,75,52,5.5,broken clouds
183,Oga,IT,2022-08-11 02:58:15,46.4631,10.347,56.8,96,50,3.22,scattered clouds
184,Constitucion,CL,2022-08-11 02:58:15,-35.3333,-72.4167,47.57,84,0,8.08,clear sky
185,Areosa,PT,2022-08-11 02:58:15,41.7178,-8.8571,64.15,97,4,2.35,clear sky
186,Padang,ID,2022-08-11 02:53:20,-0.9492,100.3543,86.05,65,87,3.06,overcast clouds
187,Marzuq,YE,2022-08-11 02:58:16,14.4,46.4667,75.85,68,88,6.78,overcast clouds
188,Bengkulu,ID,2022-08-11 02:58:16,-3.8004,102.2655,82.54,69,62,2.13,broken clouds
189,Paamiut,GL,2022-08-11 02:58:16,61.994,-49.6678,43.41,92,100,10.13,overcast clouds
190,Cidreira,BR,2022-08-11 02:58:17,-30.1811,-50.2056,58.44,80,79,4.85,broken clouds
191,Gualeguay,AR,2022-08-11 02:58:17,-33.1416,-59.3097,43.29,88,0,7.45,clear sky
192,Pisco,PE,2022-08-11 02:58:18,-13.7,-76.2167,59.05,88,40,6.91,scattered clouds
193,Dongsheng,CN,2022-08-11 02:58:18,39.8161,109.9776,76.82,54,47,5.46,scattered clouds
194,Punta Alta,AR,2022-08-11 02:55:57,-38.8759,-62.0736,50.76,63,66,14.9,broken clouds
195,Guerrero Negro,MX,2022-08-11 02:58:18,27.9769,-114.0611,74.03,72,100,12.12,overcast clouds
196,Nianzishan,CN,2022-08-11 02:58:19,47.5167,122.8833,71.15,54,98,10.11,overcast clouds
197,Kahului,US,2022-08-11 02:58:04,20.8947,-156.47,86.97,83,81,15.01,broken clouds
198,Clyde River,CA,2022-08-11 02:56:55,70.4692,-68.5914,37.9,87,32,4.97,scattered clouds
199,Bathsheba,BB,2022-08-11 02:58:19,13.2167,-59.5167,81.21,89,75,6.91,broken clouds
200,Grand Gaube,MU,2022-08-11 02:58:20,-20.0064,57.6608,67.37,68,92,8.99,overcast clouds
201,Tondano,ID,2022-08-11 02:58:20,1.3038,124.9112,84.29,59,24,1.23,few clouds
202,Rioja,AR,2022-08-11 02:58:20,-29.4111,-66.8507,50.97,52,29,2.59,scattered clouds
203,Nikolskoye,RU,2022-08-11 02:58:21,59.7035,30.7861,58.8,77,97,4.81,overcast clouds
204,Ilulissat,GL,2022-08-11 02:58:21,69.2167,-51.1,36.73,98,100,5.7,light rain
205,Klaksvik,FO,2022-08-11 02:58:21,62.2266,-6.589,52.72,84,66,17.2,broken clouds
206,Swan River,CA,2022-08-11 02:58:22,52.1058,-101.2676,57.88,73,67,7.09,broken clouds
207,Magyarbanhegyes,HU,2022-08-11 02:58:22,46.45,20.9667,62.89,64,0,9.66,clear sky
208,Nouadhibou,MR,2022-08-11 02:58:23,20.931,-17.0347,71.58,83,38,19.57,scattered clouds
209,Joshimath,IN,2022-08-11 02:58:23,30.5667,79.5667,68.49,98,100,3.15,light rain
210,Nanortalik,GL,2022-08-11 02:58:23,60.1432,-45.2371,44.33,98,100,4.14,moderate rain
211,Port Macquarie,AU,2022-08-11 02:57:05,-31.4333,152.9167,63.9,53,100,8.61,overcast clouds
212,Davila,PH,2022-08-11 02:58:24,18.4726,120.5763,87.78,74,98,6.35,overcast clouds
213,Isangel,VU,2022-08-11 02:58:24,-19.55,169.2667,77.11,57,75,11.5,broken clouds
214,Jiwani,PK,2022-08-11 02:58:25,25.05,61.7417,83.57,84,100,6.17,overcast clouds
215,Coquimbo,CL,2022-08-11 02:58:25,-29.9533,-71.3436,51.53,100,0,6.91,clear sky
216,Whyalla,AU,2022-08-11 02:58:25,-33.0333,137.5833,62.49,36,0,24.16,clear sky
217,Krishnarajpet,IN,2022-08-11 02:58:25,12.655,76.4883,72.77,77,67,18.16,broken clouds
218,Port Augusta,AU,2022-08-11 02:57:10,-32.5,137.7667,64.02,31,0,25.08,clear sky
219,Makakilo City,US,2022-08-11 02:58:26,21.3469,-158.0858,82.0,65,100,22.57,overcast clouds
220,Ponta Do Sol,PT,2022-08-11 02:58:26,32.6667,-17.1,70.72,87,22,4.36,few clouds
221,Port Moresby,PG,2022-08-11 02:58:26,-9.4431,147.1797,87.22,58,75,13.8,broken clouds
222,Balaipungut,ID,2022-08-11 02:58:27,1.05,101.2833,86.25,64,49,4.36,scattered clouds
223,Pandan,PH,2022-08-11 02:58:27,14.0453,124.1694,86.07,64,70,2.15,broken clouds
224,Dickinson,US,2022-08-11 02:58:27,29.4608,-95.0513,75.31,88,20,3.44,light rain
225,Kijang,KR,2022-08-11 02:58:28,35.2442,129.2139,87.53,85,100,11.61,moderate rain
226,Praia Da Vitoria,PT,2022-08-11 02:58:28,38.7333,-27.0667,71.85,78,75,8.72,broken clouds
227,Pachino,IT,2022-08-11 02:58:28,36.7186,15.0907,76.17,75,7,4.27,clear sky
228,Godda,IN,2022-08-11 02:58:29,24.8333,87.2167,81.5,81,93,20.78,overcast clouds
229,Floro,NO,2022-08-11 02:58:29,61.5996,5.0328,60.22,100,100,13.8,moderate rain
230,Lerwick,GB,2022-08-11 02:58:29,60.1545,-1.1494,55.4,94,100,11.25,light rain
231,Alofi,NU,2022-08-11 02:58:30,-19.0595,-169.9187,80.49,65,40,10.36,scattered clouds
232,Codrington,AU,2022-08-11 02:58:30,-38.2667,141.9667,56.21,66,95,18.81,overcast clouds
233,Mehamn,NO,2022-08-11 02:58:30,71.0357,27.8492,57.15,88,20,2.3,light rain
234,Katsuura,JP,2022-08-11 02:56:02,35.1333,140.3,83.91,79,33,19.55,scattered clouds
235,Vallentuna,SE,2022-08-11 02:58:31,59.5344,18.0776,65.79,81,0,11.5,clear sky
236,Arica,CL,2022-08-11 02:58:31,-18.475,-70.3042,59.23,77,100,4.61,overcast clouds
237,Hami,CN,2022-08-11 02:58:32,42.8,93.45,95.38,15,99,5.06,overcast clouds
238,Petropavlovsk-Kamchatskiy,RU,2022-08-11 02:58:32,53.0452,158.6483,66.79,60,75,4.47,broken clouds
239,Aklavik,CA,2022-08-11 02:58:32,68.2191,-135.0107,61.3,41,96,8.16,overcast clouds
240,Felipe Carrillo Puerto,MX,2022-08-11 02:58:33,19.5833,-88.05,75.83,98,100,2.66,overcast clouds
241,Naze,JP,2022-08-11 02:58:33,28.3667,129.4833,86.92,71,100,1.72,overcast clouds
242,Pacific Grove,US,2022-08-11 02:58:33,36.6177,-121.9166,72.45,83,0,3.0,clear sky
243,Boromo,BF,2022-08-11 02:58:33,11.75,-2.9333,74.48,90,68,5.7,broken clouds
244,Mjolby,SE,2022-08-11 02:58:34,58.326,15.1237,60.08,83,26,10.27,scattered clouds
245,Buritis,BR,2022-08-11 02:58:34,-15.6178,-46.4233,70.88,57,75,5.77,broken clouds
246,Aksha,RU,2022-08-11 02:58:34,50.2814,113.2867,66.25,43,100,7.81,overcast clouds
247,Celestun,MX,2022-08-11 02:58:35,20.8667,-90.4,75.74,90,97,5.06,overcast clouds
248,Horsham,GB,2022-08-11 02:55:58,51.064,-0.3272,65.8,87,0,1.14,clear sky
249,Novo Cruzeiro,BR,2022-08-11 02:58:35,-17.4681,-41.8753,64.87,49,95,3.02,overcast clouds
250,Longyearbyen,SJ,2022-08-11 02:58:35,78.2186,15.6401,48.04,71,75,17.27,broken clouds
251,Dumas,US,2022-08-11 02:58:36,35.8656,-101.9732,78.94,65,0,0.0,clear sky
252,Kyren,RU,2022-08-11 02:58:36,51.6828,102.1408,69.82,54,2,0.34,clear sky
253,Stokmarknes,NO,2022-08-11 02:58:36,68.5646,14.9108,55.38,76,100,17.27,overcast clouds
254,Valparaiso,CL,2022-08-11 02:58:37,-33.0393,-71.6273,52.48,97,0,4.61,clear sky
255,Tuktoyaktuk,CA,2022-08-11 02:58:37,69.4541,-133.0374,46.53,84,100,13.27,light rain
256,Kushima,JP,2022-08-11 02:58:37,31.4583,131.2333,90.79,59,59,5.79,broken clouds
257,Puerto Madero,MX,2022-08-11 02:58:38,14.7208,-92.4215,78.1,76,100,6.91,overcast clouds
258,Umm Bab,QA,2022-08-11 02:58:38,25.2142,50.8072,91.47,72,100,12.48,overcast clouds
259,Kloulklubed,PW,2022-08-11 02:58:38,7.0419,134.2556,83.71,68,48,1.86,scattered clouds
260,Manuk Mangkaw,PH,2022-08-11 02:58:39,4.8,119.85,83.88,70,32,6.87,scattered clouds
261,Saint-Augustin,CA,2022-08-11 02:58:39,51.226,-58.6502,56.28,89,0,8.39,clear sky
262,Korocha,RU,2022-08-11 02:58:39,50.8107,37.1953,65.12,71,100,14.56,overcast clouds
263,Pierre,US,2022-08-11 02:57:00,44.3683,-100.351,81.86,68,47,13.0,scattered clouds
264,Tecoanapa,MX,2022-08-11 02:58:40,16.5167,-98.75,81.66,79,94,6.29,overcast clouds
265,Portland,US,2022-08-11 02:58:16,45.5234,-122.6762,75.61,61,47,1.99,scattered clouds
266,Andra,RU,2022-08-11 02:58:40,62.5147,65.8878,60.06,59,100,8.14,overcast clouds
267,Ocos,GT,2022-08-11 02:58:41,14.5094,-92.1933,76.8,73,100,6.29,overcast clouds
268,Lagoa,PT,2022-08-11 02:58:41,39.05,-27.9833,70.5,74,7,5.95,clear sky
269,Santa Cruz,BO,2022-08-11 02:58:41,-17.8,-63.1667,53.06,71,0,3.44,clear sky
270,Gamba,GA,2022-08-11 02:58:41,-2.65,10.0,69.33,94,62,4.23,broken clouds
271,Garowe,SO,2022-08-11 02:58:42,8.4054,48.4845,73.15,74,92,26.37,overcast clouds
272,Sitka,US,2022-08-11 02:56:53,57.0531,-135.33,62.49,77,100,3.44,overcast clouds
273,Sabha,LY,2022-08-11 02:58:42,27.0377,14.4283,81.07,30,0,11.12,clear sky
274,Okha,RU,2022-08-11 02:58:43,53.5739,142.9478,60.31,86,100,11.83,light rain
275,Tautira,PF,2022-08-11 02:58:43,-17.7333,-149.15,77.83,71,55,14.38,broken clouds
276,Pavlodar,KZ,2022-08-11 02:58:43,52.3,76.95,64.2,94,40,13.42,light rain
277,Ahipara,NZ,2022-08-11 02:58:43,-35.1667,173.1667,56.62,73,59,9.75,broken clouds
278,Humberto De Campos,BR,2022-08-11 02:58:44,-2.5983,-43.4611,74.7,91,25,4.83,scattered clouds
279,Uvelskiy,RU,2022-08-11 02:58:44,54.4446,61.3574,68.61,72,1,4.18,clear sky
280,Praya,CV,2022-08-11 02:58:44,14.9215,-23.5087,79.34,83,20,9.22,few clouds
281,Santa Marta,CO,2022-08-11 02:58:45,11.2408,-74.199,80.65,89,75,4.61,broken clouds
282,Esperance,AU,2022-08-11 02:58:45,-33.8667,121.9,58.24,67,83,16.53,broken clouds
283,Coos Bay,US,2022-08-11 02:58:45,43.3665,-124.2179,61.93,100,0,1.01,clear sky
284,Havelock,US,2022-08-11 02:58:46,34.8791,-76.9013,83.95,85,30,10.78,scattered clouds
285,Namibe,AO,2022-08-11 02:58:46,-15.1961,12.1522,60.35,90,4,6.2,clear sky
286,Yulara,AU,2022-08-11 02:58:47,-25.2406,130.9889,59.83,29,98,5.68,overcast clouds
287,Ramotswa,BW,2022-08-11 02:58:47,-24.8716,25.8699,42.42,42,0,2.35,clear sky
288,Sardarshahr,IN,2022-08-11 02:58:47,28.4333,74.4833,88.5,56,2,19.8,clear sky
289,Ust-Barguzin,RU,2022-08-11 02:58:48,53.45,108.9833,61.23,64,8,3.8,clear sky
290,Comodoro Rivadavia,AR,2022-08-11 02:56:03,-45.8667,-67.5,53.46,50,0,10.36,clear sky
291,Camopi,GF,2022-08-11 02:58:48,3.1655,-52.3158,71.35,99,59,1.68,broken clouds
292,Zhenlai,CN,2022-08-11 02:58:48,45.8495,123.2973,77.67,41,0,10.87,clear sky
293,Vila Franca Do Campo,PT,2022-08-11 02:58:49,37.7167,-25.4333,72.19,72,96,5.28,overcast clouds
294,Komsomolskiy,UZ,2022-08-11 02:58:49,40.4272,71.7189,77.72,33,5,4.61,clear sky
295,Pitimbu,BR,2022-08-11 02:58:49,-7.4706,-34.8086,73.99,87,44,7.18,scattered clouds
296,Fagersta,SE,2022-08-11 02:58:50,60.0042,15.7932,61.45,94,74,8.5,broken clouds
297,Kamenka,RU,2022-08-11 02:58:50,51.3223,42.7678,70.21,52,47,8.25,scattered clouds
298,Arlit,NE,2022-08-11 02:55:11,18.7369,7.3853,93.43,30,34,8.41,scattered clouds
299,Zletovo,MK,2022-08-11 02:58:50,41.9886,22.2361,62.17,77,57,3.4,broken clouds
300,Tombouctou,ML,2022-08-11 02:58:51,20.0,-3.0,93.15,31,8,5.59,clear sky
301,Hofn,IS,2022-08-11 02:58:51,64.2539,-15.2082,49.93,85,98,3.91,overcast clouds
302,Ust-Nera,RU,2022-08-11 02:58:51,64.5667,143.2,70.93,46,100,7.56,overcast clouds
303,Waldkirchen,DE,2022-08-11 02:58:52,48.7327,13.6008,61.79,73,25,4.0,scattered clouds
304,Katherine,AU,2022-08-11 02:58:52,-14.4667,132.2667,88.12,37,34,6.91,scattered clouds
305,San Patricio,US,2022-08-11 02:58:52,28.017,-97.5169,87.17,66,15,11.25,few clouds
306,Yuancheng,CN,2022-08-11 02:58:53,36.652,107.7896,83.25,57,11,12.28,few clouds
307,Ca Mau,VN,2022-08-11 02:58:53,9.1769,105.15,80.53,84,100,5.32,overcast clouds
308,Talnakh,RU,2022-08-11 02:58:53,69.4865,88.3972,49.21,58,68,10.92,broken clouds
309,Vila Velha,BR,2022-08-11 02:58:54,-20.3297,-40.2925,76.95,82,0,18.41,clear sky
310,Sao Joao Do Paraiso,BR,2022-08-11 02:58:54,-15.3136,-42.0144,62.67,44,33,4.92,scattered clouds
311,Luwuk,ID,2022-08-11 02:58:54,-0.9516,122.7875,83.12,80,63,4.74,broken clouds
312,Canoinhas,BR,2022-08-11 02:58:55,-26.1772,-50.39,42.69,99,18,2.55,few clouds
313,Dunedin,NZ,2022-08-11 02:57:11,-45.8742,170.5036,46.8,62,60,4.5,broken clouds
314,Aksu,CN,2022-08-11 02:58:55,41.1231,80.2644,81.55,33,94,3.04,overcast clouds
315,Cockburn Town,TC,2022-08-11 02:58:55,21.4612,-71.1419,81.79,77,3,18.9,clear sky
316,Pavilosta,LV,2022-08-11 02:58:56,56.8879,21.1859,46.31,81,60,9.48,broken clouds
317,Shaoyang,CN,2022-08-11 02:58:56,27.2315,111.4525,91.35,50,74,7.07,broken clouds
318,Palmer,US,2022-08-11 02:58:56,42.1584,-72.3287,71.2,74,2,1.3,clear sky
319,Puerto Maldonado,PE,2022-08-11 02:58:57,-12.6,-69.1833,61.61,81,4,0.69,clear sky
320,Coihaique,CL,2022-08-11 02:58:57,-45.5752,-72.0662,41.61,81,0,5.75,clear sky
321,Pak Phanang,TH,2022-08-11 02:58:57,8.3511,100.202,93.04,61,100,13.51,overcast clouds
322,Panshi,CN,2022-08-11 02:58:58,42.9422,126.0561,69.24,84,95,3.96,heavy intensity rain
323,Canavieiras,BR,2022-08-11 02:58:58,-15.675,-38.9472,72.03,81,7,11.59,clear sky
324,Kieta,PG,2022-08-11 02:58:58,-6.2167,155.6333,85.48,65,100,5.95,light rain
325,Lavrentiya,RU,2022-08-11 02:58:59,65.5833,-171.0,48.16,85,65,4.65,broken clouds
326,Kavieng,PG,2022-08-11 02:57:19,-2.5744,150.7967,83.88,70,86,7.61,overcast clouds
327,Miri,MY,2022-08-11 02:58:59,4.4148,114.0089,87.94,74,40,4.61,scattered clouds
328,Nome,US,2022-08-11 02:58:59,64.5011,-165.4064,52.16,89,98,5.95,overcast clouds
329,Beloha,MG,2022-08-11 02:59:00,-25.1667,45.05,62.1,63,1,8.5,clear sky
330,Pitmoaga,BF,2022-08-11 02:59:00,12.2397,-1.8767,76.62,87,32,7.05,scattered clouds
331,Emerald,AU,2022-08-11 02:58:07,-23.5333,148.1667,69.35,52,12,14.76,few clouds
332,Dwarka,IN,2022-08-11 02:59:01,22.2394,68.9678,83.5,81,100,6.06,light rain
333,Soe,ID,2022-08-11 02:59:01,-9.8607,124.284,80.31,48,17,8.25,few clouds
334,Marawi,PH,2022-08-11 02:59:01,7.9986,124.2928,80.51,64,45,3.69,scattered clouds
335,Hearst,CA,2022-08-11 02:59:02,49.6835,-83.6665,48.24,87,7,4.41,clear sky
336,Ketchikan,US,2022-08-11 02:59:02,55.3422,-131.6461,69.39,65,4,7.29,clear sky
337,Mogadishu,SO,2022-08-11 02:59:03,2.0371,45.3438,75.56,85,73,17.56,light rain
338,Ormara,PK,2022-08-11 02:59:03,25.2088,64.6357,84.92,74,100,8.52,overcast clouds
339,Sinnamary,GF,2022-08-11 02:59:03,5.3833,-52.95,78.3,87,54,8.7,broken clouds
340,Phangnga,TH,2022-08-11 02:59:04,8.4509,98.5298,84.24,69,81,6.64,broken clouds
341,Chimbote,PE,2022-08-11 02:59:04,-9.0853,-78.5783,61.79,85,76,5.64,broken clouds
342,Manicore,BR,2022-08-11 02:59:05,-5.8092,-61.3003,76.95,83,0,4.61,clear sky
343,Maracacume,BR,2022-08-11 02:59:05,-2.0428,-45.9592,71.29,98,45,2.89,scattered clouds
344,Santiago Del Estero,AR,2022-08-11 02:59:05,-27.7951,-64.2615,55.17,44,77,10.6,broken clouds
345,Inhambane,MZ,2022-08-11 02:59:06,-23.865,35.3833,67.23,85,0,4.5,clear sky
346,Keti Bandar,PK,2022-08-11 02:59:06,24.1447,67.4497,82.63,86,100,4.83,overcast clouds
347,Flinders,AU,2022-08-11 02:59:07,-34.5833,150.8552,63.18,63,100,5.99,overcast clouds
348,Luba,GQ,2022-08-11 02:59:07,3.4568,8.5547,76.89,89,91,7.99,light rain
349,Tuatapere,NZ,2022-08-11 02:59:07,-46.1333,167.6833,46.26,61,19,4.59,few clouds
350,Kavaratti,IN,2022-08-11 02:59:08,10.5669,72.642,81.09,84,91,18.75,overcast clouds
351,Kruisfontein,ZA,2022-08-11 02:59:08,-34.0033,24.7314,52.5,90,96,2.73,overcast clouds
352,Taltal,CL,2022-08-11 02:59:09,-25.4,-70.4833,57.65,74,27,2.53,scattered clouds
353,Beidao,CN,2022-08-11 02:59:09,34.5686,105.8933,87.71,48,65,16.2,broken clouds
354,Brumadinho,BR,2022-08-11 02:59:09,-20.1433,-44.1997,61.32,63,100,8.3,overcast clouds
355,Barroquinha,BR,2022-08-11 02:59:10,-3.0189,-41.1361,69.85,90,94,4.09,overcast clouds
356,Shache,CN,2022-08-11 02:59:10,38.4167,77.2406,81.48,43,99,5.03,overcast clouds
357,Rio Gallegos,AR,2022-08-11 02:59:10,-51.6226,-69.2181,35.65,93,0,3.44,clear sky
358,Hambantota,LK,2022-08-11 02:59:11,6.1241,81.1185,79.14,94,20,9.22,few clouds
359,Druzhba,UA,2022-08-11 02:59:11,52.0428,33.9453,61.34,95,100,8.59,overcast clouds
360,Krasnaya Zarya,RU,2022-08-11 02:59:11,52.7825,37.6806,60.22,94,100,9.55,overcast clouds
361,Chicama,PE,2022-08-11 02:59:12,-7.8447,-79.1469,59.54,82,81,4.23,broken clouds
362,Eyl,SO,2022-08-11 02:59:12,7.9803,49.8164,77.43,72,76,21.52,broken clouds
363,Iranshahr,IR,2022-08-11 02:59:13,27.2025,60.6848,94.71,18,61,5.64,broken clouds
364,Kalilangan,PH,2022-08-11 02:59:13,7.8211,124.7314,76.33,80,76,2.35,broken clouds
365,Vardo,NO,2022-08-11 02:59:13,70.3705,31.1107,57.18,94,20,6.91,light intensity drizzle
366,Shimanovsk,RU,2022-08-11 02:59:14,52.0,127.7,61.12,76,100,5.88,light rain
367,Cap Malheureux,MU,2022-08-11 02:59:14,-19.9842,57.6142,67.46,68,90,8.99,overcast clouds
368,Newport,GB,2022-08-11 02:59:14,51.5877,-2.9984,69.1,63,0,9.13,clear sky
369,Bilibino,RU,2022-08-11 02:59:15,68.0546,166.4372,74.71,49,21,7.27,few clouds
370,Chapada Dos Guimaraes,BR,2022-08-11 02:59:15,-15.4606,-55.7497,51.46,57,100,2.71,overcast clouds
371,Vallenar,CL,2022-08-11 02:59:15,-28.5708,-70.7581,63.84,35,100,1.1,overcast clouds
372,Buraydah,SA,2022-08-11 02:59:16,26.326,43.975,90.05,22,6,8.01,clear sky
373,Ninghai,CN,2022-08-11 02:55:20,29.2892,121.4247,92.55,60,59,4.34,broken clouds
374,Vostok,RU,2022-08-11 02:59:16,46.4856,135.8833,63.64,84,47,7.18,scattered clouds
375,Morro Bay,US,2022-08-11 02:59:17,35.3658,-120.8499,66.58,86,10,1.99,clear sky
376,Posadas,AR,2022-08-11 02:57:09,-27.3671,-55.8961,55.38,82,0,3.44,clear sky
377,Lagunas,PE,2022-08-11 02:59:17,-5.2269,-75.6753,70.92,97,98,5.03,overcast clouds
378,Marsa Matruh,EG,2022-08-11 02:59:18,31.3525,27.2453,75.47,75,0,9.55,clear sky
379,Brae,GB,2022-08-11 02:59:18,60.3964,-1.353,54.21,93,100,11.05,light rain
380,Banjar,ID,2022-08-11 02:59:18,-8.19,114.9675,85.01,71,88,2.98,overcast clouds
381,The Valley,AI,2022-08-11 02:59:19,18.217,-63.0578,82.81,80,13,17.07,few clouds
382,Zuya,UA,2022-08-11 02:59:19,45.0531,34.3154,70.66,67,69,3.22,light rain
383,Elko,US,2022-08-11 02:59:19,41.0002,-115.5012,68.65,56,94,1.01,overcast clouds
384,Dingle,PH,2022-08-11 02:59:20,10.9995,122.6711,85.41,73,66,5.39,broken clouds
385,Pangai,TO,2022-08-11 02:59:20,-19.8,-174.35,82.51,89,75,8.05,broken clouds
386,Cardinal,CA,2022-08-11 02:59:20,44.7834,-75.3826,65.75,94,0,3.44,clear sky
387,Anuradhapura,LK,2022-08-11 02:59:21,8.3565,80.4173,82.74,67,75,13.82,broken clouds
388,Saint-Denis,FR,2022-08-11 02:59:21,48.9167,2.3333,71.29,52,0,6.91,clear sky
389,Muros,ES,2022-08-11 02:59:21,42.7762,-9.0603,67.15,94,52,4.12,broken clouds
390,Denpasar,ID,2022-08-11 02:57:21,-8.65,115.2167,82.06,83,75,9.22,broken clouds
391,Maragogi,BR,2022-08-11 02:59:22,-9.0122,-35.2225,72.32,86,11,2.21,few clouds
392,Bukachacha,RU,2022-08-11 02:59:22,52.9833,116.9167,67.69,52,96,5.03,overcast clouds
393,Te Anau,NZ,2022-08-11 02:59:23,-45.4167,167.7167,42.21,71,34,1.72,scattered clouds
394,Chernyshevskiy,RU,2022-08-11 02:57:07,63.0128,112.4714,66.51,55,20,7.34,few clouds
395,Melfort,CA,2022-08-11 02:59:23,52.8667,-104.6177,63.75,62,100,8.37,overcast clouds
396,Koping,SE,2022-08-11 02:59:23,59.514,15.9926,62.53,90,97,7.61,overcast clouds
397,Srednekolymsk,RU,2022-08-11 02:59:24,67.45,153.6833,78.12,43,100,2.1,overcast clouds
398,Usinsk,RU,2022-08-11 02:59:24,65.9939,57.5281,56.68,55,100,1.63,overcast clouds
399,Teluk Nibung,ID,2022-08-11 02:59:24,3.001,99.8164,84.7,68,100,5.32,moderate rain
400,Whitianga,NZ,2022-08-11 02:59:25,-36.8333,175.7,53.94,62,28,13.13,scattered clouds
401,Tabasco,MX,2022-08-11 02:57:43,18.0,-92.6667,79.07,88,55,5.73,broken clouds
402,Iskateley,RU,2022-08-11 02:59:25,67.6803,53.1512,57.33,68,100,10.16,overcast clouds
403,Fomboni,KM,2022-08-11 02:59:25,-12.28,43.7425,76.12,72,0,18.5,clear sky
404,Pamplona,ES,2022-08-11 02:59:26,42.8169,-1.6432,73.98,78,0,4.0,clear sky
405,Koungheul,SN,2022-08-11 02:59:26,13.9833,-14.8,77.85,88,96,9.15,overcast clouds
406,Fairfield,US,2022-08-11 02:58:02,41.2668,-73.3162,74.79,84,3,2.98,clear sky
407,Sakaraha,MG,2022-08-11 02:59:26,-22.9,44.5333,55.92,77,0,4.81,clear sky
408,Udala,ES,2022-08-11 02:59:27,43.0778,-2.5125,69.48,74,83,5.5,broken clouds
409,Olmos,PE,2022-08-11 02:59:27,-5.9847,-79.7453,61.9,75,93,3.69,overcast clouds
410,Cervo,ES,2022-08-11 02:59:27,43.6702,-7.4101,69.96,92,66,3.8,broken clouds
411,Deputatskiy,RU,2022-08-11 02:59:28,69.3,139.9,65.7,47,100,3.91,overcast clouds
412,Porto Murtinho,BR,2022-08-11 02:59:28,-21.6989,-57.8825,50.38,85,0,4.34,clear sky
413,Qurayyat,SA,2022-08-11 02:59:28,31.3318,37.3428,73.58,68,0,6.91,clear sky
414,Pontian Kecil,MY,2022-08-11 02:59:29,1.4801,103.3899,88.12,66,31,8.28,scattered clouds
415,Canmore,CA,2022-08-11 02:59:29,51.0834,-115.3521,71.82,100,100,4.27,overcast clouds
416,Huanren,CN,2022-08-11 02:59:29,41.2647,125.3667,82.51,42,8,3.94,clear sky
417,Usakos,NA,2022-08-11 02:59:30,-22.0,15.6,61.57,27,0,4.74,clear sky
418,Fremont,US,2022-08-11 02:59:14,37.5483,-121.9886,76.75,71,0,12.66,clear sky
419,Lillooet,CA,2022-08-11 02:59:30,50.6856,-121.942,72.14,85,98,3.56,overcast clouds
420,Les Cayes,HT,2022-08-11 02:59:30,18.2,-73.75,78.19,86,34,3.24,scattered clouds
421,Ambulu,ID,2022-08-11 02:59:31,-8.345,113.6058,84.11,67,30,5.39,scattered clouds
422,Requena,ES,2022-08-11 02:59:31,39.4883,-1.1004,68.79,56,1,2.06,clear sky
423,Los Banos,PH,2022-08-11 02:59:32,14.1667,121.1833,87.8,69,93,3.71,overcast clouds
424,Antonina,BR,2022-08-11 02:59:32,-25.4286,-48.7119,59.72,96,92,2.17,overcast clouds
425,Centenario Do Sul,BR,2022-08-11 02:59:32,-22.8211,-51.5953,47.55,92,0,4.09,clear sky
426,Byron Bay,AU,2022-08-11 02:59:32,-28.65,153.6167,66.16,55,65,5.73,broken clouds
427,Kibala,TD,2022-08-11 02:59:33,9.1104,18.3463,75.15,100,40,3.44,scattered clouds
428,Batticaloa,LK,2022-08-11 02:59:33,7.7102,81.6924,83.61,53,99,5.21,overcast clouds
429,Puri,IN,2022-08-11 02:59:23,19.8,85.85,79.32,81,98,12.21,moderate rain
430,Asandh,IN,2022-08-11 02:59:34,29.5167,76.6,87.22,62,61,14.41,broken clouds
431,Margate,GB,2022-08-11 02:59:34,51.3813,1.3862,67.89,95,0,5.01,clear sky
432,Tsuruga,JP,2022-08-11 02:59:34,35.6455,136.0558,85.64,62,80,9.78,broken clouds
433,Scarborough,GB,2022-08-11 02:55:49,54.2797,-0.4044,65.34,82,7,4.47,clear sky
434,Ligayan,PH,2022-08-11 02:59:35,4.6533,119.4706,84.0,71,85,9.28,overcast clouds
435,Ugoofaaru,MV,2022-08-11 02:59:35,5.6667,73.0,82.0,80,56,12.57,broken clouds
436,Broken Hill,AU,2022-08-11 02:59:36,-31.95,141.4333,60.4,46,100,21.7,overcast clouds
437,Marystown,CA,2022-08-11 02:59:36,47.1666,-55.1483,57.85,100,100,7.0,overcast clouds
438,Lompoc,US,2022-08-11 02:59:36,34.6391,-120.4579,74.79,84,20,10.36,few clouds
439,Teeli,RU,2022-08-11 02:59:37,51.0333,90.2333,66.78,64,100,3.87,overcast clouds
440,Darnah,LY,2022-08-11 02:59:37,32.767,22.6367,79.11,79,0,17.67,clear sky
441,Hegra,NO,2022-08-11 02:59:37,63.4644,11.114,57.11,94,75,5.75,light intensity drizzle
442,Lake Havasu City,US,2022-08-11 02:54:40,34.4839,-114.3224,98.6,32,0,13.8,clear sky
443,Leshan,CN,2022-08-11 02:59:22,29.5623,103.7639,91.42,60,70,0.58,broken clouds
444,Deep River,CA,2022-08-11 02:59:38,46.1001,-77.4995,61.2,76,0,3.96,clear sky
445,Caramay,PH,2022-08-11 02:59:38,10.1815,119.236,85.17,68,93,2.37,overcast clouds
446,Labytnangi,RU,2022-08-11 02:59:38,66.6572,66.4183,54.57,60,100,3.04,overcast clouds
447,Port Hardy,CA,2022-08-11 02:59:39,50.6996,-127.4199,59.72,96,98,0.49,light rain
448,Albox,ES,2022-08-11 02:59:39,37.3886,-2.1495,76.24,38,1,3.27,clear sky
449,Likasi,CD,2022-08-11 02:59:39,-10.9814,26.7333,54.23,49,38,2.82,scattered clouds
450,Nanlong,CN,2022-08-11 02:59:40,31.3533,106.0631,92.43,53,100,6.53,overcast clouds
451,Shirokiy,RU,2022-08-11 02:59:40,49.758,129.523,64.65,76,98,5.7,overcast clouds
452,Kichmengskiy Gorodok,RU,2022-08-11 02:59:40,59.9816,45.7854,53.28,93,15,4.03,few clouds
453,Acajutla,SV,2022-08-11 02:59:40,13.5928,-89.8275,79.54,83,100,6.69,moderate rain
454,Tres Lagoas,BR,2022-08-11 02:59:41,-20.7511,-51.6783,52.54,77,0,6.15,clear sky
455,Snyder,US,2022-08-11 02:59:41,32.7179,-100.9176,82.74,42,0,3.44,clear sky
456,Honavar,IN,2022-08-11 02:59:41,14.2833,74.45,79.27,86,100,13.73,overcast clouds
457,Tucuman,AR,2022-08-11 02:59:42,-26.8241,-65.2226,46.4,87,5,10.36,clear sky
458,Lubao,PH,2022-08-11 02:59:42,14.9167,120.55,89.31,66,100,3.94,overcast clouds
459,Waipawa,NZ,2022-08-11 02:59:42,-41.4122,175.5153,44.4,73,85,8.61,overcast clouds
460,Gvarv,NO,2022-08-11 02:59:43,59.3875,9.1737,61.07,79,11,4.16,few clouds
461,Aripuana,BR,2022-08-11 02:59:43,-9.1667,-60.6333,71.17,64,17,2.89,few clouds
462,Biankouma,CI,2022-08-11 02:59:43,7.7391,-7.6138,68.58,98,94,2.48,overcast clouds
463,Sandviken,SE,2022-08-11 02:59:44,60.6167,16.7667,61.11,85,82,8.93,broken clouds
464,Altoona,US,2022-08-11 02:59:44,40.5187,-78.3947,71.85,94,47,3.98,scattered clouds
465,Kashi,CN,2022-08-11 02:59:44,39.4547,75.9797,79.81,31,75,8.95,broken clouds
466,Lazaro Cardenas,MX,2022-08-11 02:56:06,17.9583,-102.2,81.34,74,100,1.41,overcast clouds
467,Baykit,RU,2022-08-11 02:59:45,61.67,96.37,62.49,52,88,6.4,overcast clouds
468,Buckeye,US,2022-08-11 02:59:14,33.3703,-112.5838,95.18,45,0,13.8,clear sky
469,Nantucket,US,2022-08-11 02:56:51,41.2835,-70.0995,71.71,90,0,5.53,clear sky
470,Tocopilla,CL,2022-08-11 02:59:45,-22.092,-70.1979,59.5,70,9,1.59,clear sky
471,Fort Nelson,CA,2022-08-11 02:59:46,58.8053,-122.7002,73.18,53,100,2.91,overcast clouds
472,Carauari,BR,2022-08-11 02:59:46,-4.8828,-66.8958,71.62,93,18,2.51,few clouds
473,Karpogory,RU,2022-08-11 02:59:46,64.0019,44.4451,56.64,69,14,6.04,few clouds
474,Batagay-Alyta,RU,2022-08-11 02:59:47,67.8006,130.4114,70.97,43,56,5.39,broken clouds
475,Barra Patuca,HN,2022-08-11 02:59:47,15.8,-84.2833,80.13,88,89,11.32,overcast clouds
476,Lebu,CL,2022-08-11 02:59:47,-37.6167,-73.65,45.79,86,2,4.07,clear sky
477,Mana,GF,2022-08-11 02:59:47,5.6592,-53.7767,77.59,89,72,6.91,broken clouds
478,Soyo,AO,2022-08-11 02:59:48,-6.1349,12.3689,69.64,88,92,8.03,overcast clouds
479,Kuryk,KZ,2022-08-11 02:59:48,43.2,51.65,83.3,34,0,11.68,clear sky
480,Sioux Lookout,CA,2022-08-11 02:57:21,50.1001,-91.917,54.59,70,0,4.41,clear sky
481,Mikhaylovka,RU,2022-08-11 02:59:48,50.06,43.2379,68.7,41,97,7.83,overcast clouds
482,Valadares,PT,2022-08-11 02:59:49,41.1474,-7.9812,62.55,91,1,2.66,clear sky
483,Caravelas,BR,2022-08-11 02:59:49,-17.7125,-39.2481,72.3,79,28,13.42,scattered clouds
484,Srandakan,ID,2022-08-11 02:59:49,-7.9386,110.2506,82.72,74,66,10.63,broken clouds
485,Geilo,NO,2022-08-11 02:59:50,60.5333,8.2076,56.39,81,100,9.44,overcast clouds
486,Adre,TD,2022-08-11 02:59:50,13.4667,22.2,73.94,81,100,4.21,overcast clouds
487,Sao Raimundo Nonato,BR,2022-08-11 02:58:14,-9.0153,-42.6994,71.67,44,0,2.68,clear sky
488,Tigil,RU,2022-08-11 02:59:51,57.8,158.6667,60.49,83,100,4.32,overcast clouds
489,Korla,CN,2022-08-11 02:59:51,41.7597,86.1469,89.78,26,81,15.12,broken clouds
490,Tevaitoa,PF,2022-08-11 02:59:51,-16.7833,-151.5,77.81,72,2,8.5,light rain
491,Viravanallur,IN,2022-08-11 02:59:51,8.7,77.5333,83.7,59,100,8.63,overcast clouds
492,Wellington,NZ,2022-08-11 02:59:52,-41.2866,174.7756,49.06,84,75,19.57,broken clouds
493,Anadyr,RU,2022-08-11 02:59:52,64.75,177.4833,72.1,49,0,8.95,clear sky
494,Krasnoselkup,RU,2022-08-11 02:59:52,65.7,82.4667,57.43,57,77,9.66,broken clouds
495,Catio,GW,2022-08-11 02:59:53,11.2833,-15.25,77.54,90,100,5.64,light rain
496,Lorengau,PG,2022-08-11 02:59:53,-2.0226,147.2712,83.98,71,88,4.61,overcast clouds
497,Northam,GB,2022-08-11 02:59:53,51.0333,-4.2167,64.38,58,0,5.86,clear sky
498,Bull Savanna,JM,2022-08-11 02:59:54,17.8868,-77.5902,77.22,80,64,5.73,broken clouds
499,Pontianak,ID,2022-08-11 02:57:42,-0.0333,109.3333,84.18,65,20,5.75,few clouds
500,Dubbo,AU,2022-08-11 02:59:54,-32.25,148.6167,60.93,55,75,16.11,broken clouds
501,Nenita,PH,2022-08-11 02:59:54,12.4917,124.8044,84.63,76,47,3.4,scattered clouds
502,Gushikawa,JP,2022-08-11 02:59:55,26.3544,127.8686,85.62,79,75,8.05,broken clouds
503,Kula,TR,2022-08-11 02:59:55,38.5473,28.6498,66.43,65,8,3.6,clear sky
504,Agadez,NE,2022-08-11 02:59:55,19.75,10.25,92.1,14,100,7.61,overcast clouds
505,Havre-Saint-Pierre,CA,2022-08-11 02:59:56,50.2334,-63.5986,57.81,88,0,8.52,clear sky
506,Avera,US,2022-08-11 02:59:56,33.194,-82.5271,75.25,62,100,1.16,overcast clouds
507,Aswan,EG,2022-08-11 02:59:56,24.0934,32.907,88.12,28,31,11.77,scattered clouds
508,Rocha,UY,2022-08-11 02:59:57,-34.4833,-54.3333,43.79,93,100,4.16,overcast clouds
509,Torgau,DE,2022-08-11 02:59:57,51.5667,13.0,57.29,56,9,4.09,clear sky
510,Aljezur,PT,2022-08-11 02:59:57,37.3191,-8.8033,62.42,92,0,0.83,clear sky
511,Matamoros,MX,2022-08-11 02:59:58,25.5333,-103.25,83.98,32,51,8.86,broken clouds
512,Yar-Sale,RU,2022-08-11 02:59:58,66.8333,70.8333,57.09,56,30,9.17,scattered clouds
513,Inverell,AU,2022-08-11 02:59:58,-29.7833,151.1167,65.1,40,100,4.0,overcast clouds
514,Mantua,IT,2022-08-11 02:59:59,45.1667,10.7833,76.24,74,53,1.01,broken clouds
515,San Andres,CO,2022-08-11 02:57:46,12.5847,-81.7006,84.22,84,40,14.97,scattered clouds
516,Teguldet,RU,2022-08-11 02:59:59,57.3064,88.1667,68.54,76,58,5.75,broken clouds
517,Great Falls,US,2022-08-11 02:59:59,47.5002,-111.3008,84.69,39,98,17.83,overcast clouds
518,Fort Frances,CA,2022-08-11 03:00:00,48.5999,-93.4003,62.06,70,1,4.65,clear sky
519,Palauig,PH,2022-08-11 03:00:00,15.435,119.9045,85.05,72,81,7.96,broken clouds
520,Shorapur,IN,2022-08-11 03:00:01,16.5167,76.75,74.43,79,100,16.08,overcast clouds
521,Along,IN,2022-08-11 03:00:01,28.1667,94.7667,87.48,65,72,1.39,broken clouds
522,Geraldton,AU,2022-08-11 02:58:13,-28.7667,114.6,61.21,63,0,11.5,clear sky
523,Ayame,CI,2022-08-11 03:00:02,5.6083,-3.1563,70.5,95,82,2.93,broken clouds
524,Quatre Cocos,MU,2022-08-11 03:00:03,-20.2078,57.7625,67.08,72,92,17.49,light rain
525,Yumen,CN,2022-08-11 03:00:06,40.2833,97.2,84.65,37,47,19.06,scattered clouds
526,Mnogovershinnyy,RU,2022-08-11 03:00:08,53.9353,139.9242,58.37,86,100,3.11,light rain
527,Togur,RU,2022-08-11 03:00:08,58.3631,82.8265,62.69,67,22,10.6,few clouds
528,Maningrida,AU,2022-08-11 03:00:11,-12.0667,134.2667,85.06,52,1,12.68,clear sky
529,Chapais,CA,2022-08-11 03:00:12,49.7834,-74.8492,55.13,95,33,6.38,scattered clouds
530,Guadalupe Y Calvo,MX,2022-08-11 03:00:12,26.1,-106.9667,54.54,91,94,2.62,light rain
531,Riachao,BR,2022-08-11 03:00:13,-7.3619,-46.6172,72.63,31,5,3.94,clear sky
532,Mareeba,AU,2022-08-11 03:00:13,-17.0,145.4333,74.48,68,4,9.98,clear sky
533,Tubmanburg,LR,2022-08-11 03:00:14,6.8708,-10.8172,72.86,97,100,3.71,light rain
534,Mount Isa,AU,2022-08-11 03:00:15,-20.7333,139.5,78.57,21,18,5.75,few clouds
535,Manaus,BR,2022-08-11 03:00:15,-3.1019,-60.025,79.29,78,75,2.3,broken clouds
536,Faanui,PF,2022-08-11 03:00:16,-16.4833,-151.75,78.3,70,11,7.14,few clouds
537,Kismayo,SO,2022-08-11 03:00:16,-0.3582,42.5454,74.93,82,96,18.14,overcast clouds
538,Namatanai,PG,2022-08-11 03:00:17,-3.6667,152.4333,83.61,71,97,4.92,light rain
539,Sao Felix Do Xingu,BR,2022-08-11 03:00:17,-6.6447,-51.995,74.07,46,45,0.96,scattered clouds
540,Terney,RU,2022-08-11 03:00:18,45.0503,136.6092,77.9,54,69,9.08,broken clouds
541,Olinda,BR,2022-08-11 03:00:18,-8.0089,-34.8553,73.85,85,44,6.55,scattered clouds
542,Mairi,BR,2022-08-11 03:00:19,-11.7114,-40.1489,63.43,69,0,3.29,clear sky
543,Laguna,US,2022-08-11 03:00:19,38.421,-121.4238,85.6,46,0,9.22,clear sky
544,Koslan,RU,2022-08-11 03:00:20,63.4564,48.8989,57.7,64,62,4.36,broken clouds
545,Kincardine,GB,2022-08-11 02:57:31,56.0667,-3.7167,59.18,88,2,3.62,clear sky
546,Monaco-Ville,FR,2022-08-11 03:00:20,43.731,7.4248,77.04,57,75,14.97,broken clouds
547,Invermere,CA,2022-08-11 03:00:21,50.5167,-116.0354,74.35,48,100,5.75,overcast clouds
548,Marsh Harbour,BS,2022-08-11 03:00:21,26.5412,-77.0636,82.56,73,2,12.93,clear sky
549,Jalu,LY,2022-08-11 03:00:21,29.0331,21.5482,77.41,32,0,7.45,clear sky
550,Ballina,AU,2022-08-11 02:56:27,-28.8667,153.5667,66.24,79,80,4.97,broken clouds
551,Guarapari,BR,2022-08-11 03:00:22,-20.6667,-40.4975,73.89,62,100,12.8,overcast clouds
552,Bara,NG,2022-08-11 03:00:22,10.3744,10.7288,73.49,92,100,16.37,heavy intensity rain
553,Shakawe,BW,2022-08-11 03:00:22,-18.3667,21.85,52.86,16,0,4.99,clear sky
554,Matagami,CA,2022-08-11 03:00:23,49.7502,-77.6328,53.44,95,21,6.62,few clouds
555,Altamira,BR,2022-08-11 03:00:23,-3.2033,-52.2064,77.05,55,57,2.53,broken clouds
556,Pitanga,BR,2022-08-11 03:00:23,-24.7572,-51.7614,42.98,97,40,1.86,scattered clouds
557,Batemans Bay,AU,2022-08-11 02:56:26,-35.7167,150.1833,60.98,53,100,5.64,light rain
558,Bagepalli,IN,2022-08-11 02:58:53,13.7847,77.7931,73.76,73,100,18.84,overcast clouds
559,Orje,NO,2022-08-11 03:00:24,59.4802,11.6602,55.36,91,89,6.04,overcast clouds
560,Chaihe,CN,2022-08-11 03:00:24,44.7667,129.7,74.55,64,90,10.18,overcast clouds
561,Bubaque,GW,2022-08-11 03:00:25,11.2833,-15.8333,80.8,84,99,11.1,light rain
562,Grimshaw,CA,2022-08-11 03:00:25,56.1834,-117.6027,68.92,57,0,4.56,clear sky
563,Viransehir,TR,2022-08-11 03:00:26,37.2353,39.7631,76.75,70,0,5.44,clear sky
564,Fougamou,GA,2022-08-11 03:00:26,-1.2154,10.5838,69.31,91,54,1.66,broken clouds
565,Antigonish,CA,2022-08-11 03:00:26,45.6169,-61.9986,63.82,93,87,5.77,overcast clouds
566,Lazarev,RU,2022-08-11 03:00:27,52.225,141.5131,61.18,85,100,12.64,light rain
567,Dali,CN,2022-08-11 03:00:27,25.7,100.1833,76.15,56,35,2.68,scattered clouds
568,Yabrud,SY,2022-08-11 03:00:28,33.9674,36.6574,62.38,55,0,0.72,clear sky
569,Nikitinskiy,RU,2022-08-11 03:00:28,54.5845,86.0115,69.76,64,53,3.49,broken clouds
570,Hemsedal,NO,2022-08-11 03:00:28,60.8629,8.5534,58.15,81,100,6.04,overcast clouds
571,Koulikoro,ML,2022-08-11 03:00:29,14.0,-7.75,76.41,82,86,4.27,overcast clouds
572,Panguna,PG,2022-08-11 03:00:29,-6.3164,155.4848,78.71,71,100,2.39,light rain
573,Nhulunbuy,AU,2022-08-11 03:00:30,-12.2333,136.7667,83.01,61,75,16.11,broken clouds
574,Fairbanks,US,2022-08-11 02:56:55,64.8378,-147.7164,68.02,41,0,3.44,clear sky
575,Tokmak,UA,2022-08-11 03:00:30,47.2514,35.7058,74.23,38,23,10.13,few clouds
576,Katobu,ID,2022-08-11 03:00:30,-4.9408,122.5276,79.52,87,99,4.81,light rain
577,Cabedelo,BR,2022-08-11 03:00:31,-6.9811,-34.8339,73.49,87,22,7.34,few clouds
578,Takoradi,GH,2022-08-11 03:00:31,4.8845,-1.7554,72.36,93,33,7.99,scattered clouds
579,Lata,PT,2022-08-11 03:00:32,40.1629,-8.3327,60.75,96,1,1.88,clear sky
580,Prague,CZ,2022-08-11 03:00:00,50.088,14.4208,62.31,72,0,4.61,clear sky
581,Jamsa,FI,2022-08-11 03:00:32,61.8642,25.19,61.14,89,94,9.04,overcast clouds
582,Tiksi,RU,2022-08-11 03:00:33,71.6872,128.8694,53.22,63,100,2.39,overcast clouds
583,Cairns,AU,2022-08-11 03:00:33,-16.9167,145.7667,79.11,60,100,14.97,overcast clouds
584,Voznesenye,RU,2022-08-11 03:00:34,61.0106,35.4781,57.38,73,100,11.39,overcast clouds
585,Warwick,US,2022-08-11 02:57:23,41.7001,-71.4162,73.35,82,75,13.8,broken clouds
586,Saint Anthony,US,2022-08-11 02:58:13,45.0205,-93.218,75.7,60,0,5.75,clear sky
587,Benicarlo,ES,2022-08-11 03:00:34,40.4165,0.4271,79.9,66,0,5.06,clear sky
588,Bafq,IR,2022-08-11 03:00:35,31.6128,55.4107,84.13,25,0,12.75,clear sky
589,Ahuimanu,US,2022-08-11 03:00:35,21.4447,-157.8378,83.19,70,100,5.99,overcast clouds
590,Balaka,MW,2022-08-11 03:00:35,-14.9793,34.9558,59.97,58,0,2.42,clear sky
591,Cartagena,CO,2022-08-11 02:57:36,10.3997,-75.5144,82.02,89,40,5.75,scattered clouds
592,Oussouye,SN,2022-08-11 03:00:36,12.485,-16.5469,79.14,86,100,7.7,overcast clouds
593,Champerico,GT,2022-08-11 03:00:36,14.3,-91.9167,78.55,79,99,6.78,overcast clouds
594,Kamina,CD,2022-08-11 03:00:37,-8.7386,24.9906,58.57,36,0,4.16,clear sky
595,Thiruvananthapuram,IN,2022-08-11 03:00:37,8.4833,76.9167,82.38,78,20,6.91,mist
596,Safaga,EG,2022-08-11 03:00:38,26.7292,33.9365,87.85,42,4,14.99,clear sky
597,Jertih,MY,2022-08-11 03:00:38,5.7336,102.4897,87.48,63,99,2.04,overcast clouds
598,Egvekinot,RU,2022-08-11 02:55:44,66.3167,-179.1667,60.24,65,22,6.24,few clouds
599,Wuxi,CN,2022-08-11 03:00:39,31.5689,120.2886,98.94,54,55,5.59,broken clouds
600,Salinopolis,BR,2022-08-11 03:00:39,-0.6136,-47.3561,78.3,84,71,10.13,broken clouds
601,Hay River,CA,2022-08-11 03:00:39,60.8156,-115.7999,61.21,63,31,13.18,scattered clouds
602,Saint-Joseph,RE,2022-08-11 03:00:40,-21.3667,55.6167,62.98,79,37,13.98,scattered clouds
603,Palafrugell,ES,2022-08-11 03:00:40,41.9174,3.1631,75.42,56,28,3.0,scattered clouds
604,Cornwall,CA,2022-08-11 03:00:02,45.0181,-74.7281,65.98,85,61,6.08,broken clouds
605,Usoke,TZ,2022-08-11 03:00:41,-5.1667,32.35,62.98,56,8,6.58,clear sky
606,Arman,RU,2022-08-11 03:00:41,59.7,150.1667,62.02,90,100,1.1,light rain
607,Tagusao,PH,2022-08-11 02:57:20,9.1924,117.8141,85.19,65,86,0.72,overcast clouds
608,Tandil,AR,2022-08-11 03:00:03,-37.3217,-59.1332,43.68,88,0,7.11,clear sky
609,Areia Branca,BR,2022-08-11 02:58:52,-4.9561,-37.1369,73.67,76,18,14.52,few clouds
610,Havoysund,NO,2022-08-11 03:00:42,70.9963,24.6622,55.63,93,100,33.22,moderate rain
611,El Alto,PE,2022-08-11 03:00:42,-4.2714,-81.2147,60.94,87,95,14.67,overcast clouds
612,Lichinga,MZ,2022-08-11 03:00:42,-13.3128,35.2406,55.49,82,20,10.36,few clouds
613,Tongliao,CN,2022-08-11 03:00:43,43.6125,122.2653,79.92,50,9,6.55,clear sky
614,Bundaberg,AU,2022-08-11 03:00:43,-24.85,152.35,69.22,58,28,5.01,scattered clouds
615,Coahuayana,MX,2022-08-11 02:58:10,18.7333,-103.6833,79.41,85,100,1.97,overcast clouds
616,Shelburne,CA,2022-08-11 03:00:44,44.0787,-80.2041,65.59,86,0,7.99,clear sky
617,Ewa Beach,US,2022-08-11 02:57:55,21.3156,-158.0072,83.43,65,100,24.83,overcast clouds
618,Twin Falls,US,2022-08-11 03:00:44,42.3505,-114.6445,67.93,61,100,6.8,overcast clouds
619,Shenjiamen,CN,2022-08-11 03:00:45,29.9576,122.298,84.87,78,26,17.43,scattered clouds
620,Port Hueneme,US,2022-08-11 03:00:45,34.1478,-119.1951,87.19,68,0,5.75,clear sky
621,Bonthe,SL,2022-08-11 03:00:45,7.5264,-12.505,75.94,90,99,10.2,moderate rain
622,Koumac,NC,2022-08-11 03:00:46,-20.5667,164.2833,72.82,51,1,19.69,clear sky
623,Kidal,ML,2022-08-11 03:00:46,18.4411,1.4078,88.63,38,68,7.74,broken clouds
624,Charters Towers,AU,2022-08-11 03:00:47,-20.1,146.2667,74.44,41,0,13.13,clear sky
625,Half Moon Bay,US,2022-08-11 02:56:06,37.4636,-122.4286,73.58,79,20,11.5,few clouds
626,Dudinka,RU,2022-08-11 02:57:23,69.4058,86.1778,49.62,65,100,5.06,overcast clouds
627,Babusnica,RS,2022-08-11 03:00:47,43.0597,22.4117,58.37,92,17,1.32,few clouds
628,Sexsmith,CA,2022-08-11 02:59:05,55.35,-118.786,69.51,54,0,5.59,clear sky
629,Inyonga,TZ,2022-08-11 03:00:47,-6.7167,32.0667,61.27,48,39,5.88,scattered clouds
630,Santa Maria,BR,2022-08-11 02:56:51,-29.6842,-53.8069,45.7,100,52,0.0,fog
631,Tiarei,PF,2022-08-11 03:00:48,-17.5333,-149.3333,80.62,70,34,11.5,scattered clouds
632,Pouebo,NC,2022-08-11 03:00:48,-20.4,164.5667,72.73,46,2,6.24,clear sky
633,Chincholi,IN,2022-08-11 03:00:49,17.4667,77.4333,74.95,86,100,15.9,overcast clouds
634,Morrope,PE,2022-08-11 03:00:49,-6.5417,-80.0111,62.87,78,90,10.56,overcast clouds
635,Chuncheng,CN,2022-08-11 03:00:50,22.1731,111.7886,79.74,91,100,3.67,overcast clouds
636,Bragadiru,RO,2022-08-11 03:00:50,44.3711,25.9775,67.87,67,0,4.61,clear sky
637,Shingu,JP,2022-08-11 03:00:51,33.7333,135.9833,87.01,63,98,5.86,overcast clouds
638,Bowen,AU,2022-08-11 03:00:51,-20.0167,148.2333,71.76,62,67,15.73,broken clouds
639,Williams Lake,CA,2022-08-11 03:00:10,52.1415,-122.1445,71.49,63,64,6.13,light rain
640,Onalaska,US,2022-08-11 02:57:57,43.8844,-91.2351,75.25,94,10,3.36,clear sky
641,Roald,NO,2022-08-11 03:00:51,62.5833,6.1333,64.17,88,100,20.71,light rain
642,Vildbjerg,DK,2022-08-11 03:00:52,56.2,8.7667,58.62,95,0,2.89,clear sky
643,Najran,SA,2022-08-11 03:00:52,17.4924,44.1277,82.53,43,94,5.39,overcast clouds
644,Kilindoni,TZ,2022-08-11 03:00:52,-7.9139,39.6668,75.65,77,38,10.94,scattered clouds
645,Wanning,CN,2022-08-11 03:00:53,18.8003,110.3967,85.05,74,100,7.58,light rain
646,Salvador,SV,2022-08-11 03:00:53,13.8333,-88.9167,69.04,98,100,3.47,overcast clouds
647,Burns Lake,CA,2022-08-11 02:56:17,54.2331,-125.7533,75.52,41,0,2.48,clear sky
648,Yerofey Pavlovich,RU,2022-08-11 03:00:53,53.9667,121.9667,57.81,89,100,2.42,overcast clouds
649,Thunder Bay,CA,2022-08-11 03:00:54,48.4001,-89.3168,57.45,69,12,5.61,few clouds
650,La Palma,US,2022-08-11 03:00:54,33.8464,-118.0467,90.91,54,0,3.44,clear sky
651,Askino,RU,2022-08-11 03:00:55,56.0901,56.5783,64.76,92,100,4.7,overcast clouds
652,Calvinia,ZA,2022-08-11 03:00:55,-31.4707,19.776,46.76,71,100,1.16,overcast clouds
653,Henties Bay,NA,2022-08-11 03:00:55,-22.116,14.2845,51.58,93,4,2.46,clear sky
654,Zhangjiakou,CN,2022-08-11 03:00:47,40.81,114.8794,80.65,56,0,3.27,clear sky
655,Turukhansk,RU,2022-08-11 02:59:28,65.8167,87.9833,52.18,70,100,12.8,overcast clouds
656,Kamensk-Uralskiy,RU,2022-08-11 03:00:56,56.4185,61.9329,69.89,64,8,6.33,clear sky
657,Davidson,US,2022-08-11 03:00:56,36.1501,-86.7833,75.49,85,75,4.61,broken clouds
658,Manono,CD,2022-08-11 02:56:06,-7.3,27.4167,68.34,30,10,3.31,clear sky
659,Iquique,CL,2022-08-11 03:00:26,-20.2208,-70.1431,57.54,77,50,3.87,scattered clouds
660,Howard Springs,AU,2022-08-11 03:00:57,-12.497,131.047,89.82,61,13,3.62,few clouds
661,Ascension,US,2022-08-11 03:00:58,30.2169,-90.9001,79.0,96,40,0.0,scattered clouds
662,Bereda,ES,2022-08-11 03:00:58,43.2686,-7.5406,61.14,100,36,1.7,scattered clouds
663,Kununurra,AU,2022-08-11 02:56:01,-15.7667,128.7333,82.38,26,0,17.27,clear sky
664,Novoagansk,RU,2022-08-11 03:00:58,61.9449,76.6625,63.19,55,27,6.85,scattered clouds
665,Vagur,FO,2022-08-11 03:00:59,61.4732,-6.8119,51.39,87,100,14.83,overcast clouds
666,Lascahobas,HT,2022-08-11 03:00:59,18.8294,-71.9364,76.95,81,62,0.34,broken clouds
667,Esil,KZ,2022-08-11 03:01:00,51.9556,66.4042,68.67,66,0,10.31,clear sky
668,Masalli,KR,2022-08-11 03:01:00,34.7959,126.6553,82.89,81,100,11.86,moderate rain
669,Monterey,US,2022-08-11 03:01:00,36.2505,-121.2516,65.91,51,0,9.71,clear sky
670,Sao Francisco Do Sul,BR,2022-08-11 03:01:01,-26.2433,-48.6381,56.07,90,91,7.4,overcast clouds
671,Kingman,US,2022-08-11 03:01:02,35.1894,-114.053,84.88,40,93,5.01,overcast clouds
672,Sarangani,PH,2022-08-11 03:01:02,5.4033,125.4636,82.76,71,8,1.81,clear sky
673,Grindavik,IS,2022-08-11 03:01:03,63.8424,-22.4338,48.67,93,100,8.05,overcast clouds
674,Abu Samrah,SY,2022-08-11 03:01:03,35.3029,37.1841,72.73,72,0,11.23,clear sky
675,Binga,ZW,2022-08-11 03:01:04,-17.6203,27.3414,61.03,44,0,2.17,clear sky
676,Piranshahr,IR,2022-08-11 03:01:04,36.701,45.1413,70.09,62,0,4.09,clear sky
677,Teramo,IT,2022-08-11 03:01:05,42.65,13.6833,70.02,72,10,4.61,clear sky
678,Kropotkin,RU,2022-08-11 03:01:05,45.4375,40.5756,71.6,53,6,11.48,clear sky
679,Boissevain,CA,2022-08-11 03:01:06,49.2306,-100.0559,61.65,63,100,7.0,overcast clouds
680,Milkovo,RU,2022-08-11 03:01:06,54.7167,158.6167,64.63,64,100,2.48,overcast clouds
681,Berdigestyakh,RU,2022-08-11 03:01:07,62.0989,126.6992,70.93,53,53,8.34,broken clouds
682,Boysun,UZ,2022-08-11 03:01:07,38.2061,67.1986,74.64,27,0,2.3,clear sky
683,Kalmunai,LK,2022-08-11 03:01:08,7.4167,81.8167,84.15,56,98,4.25,overcast clouds
684,Bakel,SN,2022-08-11 03:01:04,14.905,-12.4568,82.94,74,91,13.47,overcast clouds
685,Newton Stewart,GB,2022-08-11 03:01:08,54.9578,-4.4832,56.82,87,1,2.8,clear sky
686,Gat,IL,2022-08-11 02:57:01,31.61,34.7642,76.41,100,3,0.65,clear sky
687,Kathmandu,NP,2022-08-11 02:59:30,27.7167,85.3167,77.22,78,20,3.44,few clouds
688,Mikuni,JP,2022-08-11 03:01:09,36.2171,136.1519,88.54,63,100,12.62,overcast clouds
689,Poso,ID,2022-08-11 03:01:09,-1.3959,120.7524,86.81,60,99,1.14,overcast clouds
690,Furano,JP,2022-08-11 03:01:09,43.2818,142.4743,80.91,37,0,5.95,clear sky
691,Altay,CN,2022-08-11 03:01:10,47.8667,88.1167,77.02,39,3,4.29,clear sky
692,Flin Flon,CA,2022-08-11 02:57:23,54.7682,-101.865,56.17,72,0,5.03,clear sky
